Age,Salary,Department,Experience
0.0,0.0,HR,0.0
0.2,1.0,IT,0.36363636363636365
0.4,0.5,Finance,0.18181818181818182
0.6,0.65,IT,0.8181818181818182
0.4,0.8,Finance,0.36363636363636365
1.0,0.65,IT,1.0
