age,income,score,zipcode,city,extra_data
0.23809523809523808,0.8125,0.6538461538461535,0.95368829068772,Beverly,0.5
0.7619047619047619,0.625,1.0,0.0,New York,1.0
0.0,0.0,0.5961538461538458,0.6017906401598021,Chicago,0.5
1.0,1.0,0.423076923076923,0.9999762199181965,SF,0.5
0.42857142857142855,0.625,0.8846153846153845,0.7526395890801865,Austin,0.5
0.5,0.625,0.0,0.027870255873680205,Unknown,0.0
0.5714285714285714,0.4375,0.5384615384615385,1.0,San Francisco,0.5
